SNR_dB,Detection_Rate_leq_2ms_pct,Detection_Rate_leq_2samples_pct,RMSE_All_samples,RMSE_All_ms,RMSE_Locked_leq_2ms_samples,RMSE_Locked_leq_2ms_ms,MAE_samples,MAE_ms
-15.00,16.00,1.00,120.2728,15.0341,9.3575,1.1697,98.0100,12.2513
-14.00,21.00,3.00,119.7183,14.9648,8.2635,1.0329,96.0200,12.0025
-13.00,16.00,1.00,120.6470,15.0809,9.0726,1.1341,97.3600,12.1700
-12.00,29.00,2.00,121.9674,15.2459,8.0043,1.0005,92.3800,11.5475
-11.00,25.00,7.00,120.2527,15.0316,7.0143,0.8768,92.2000,11.5250
-10.00,37.00,10.00,113.3884,14.1736,8.0270,1.0034,79.3900,9.9238
-9.00,34.00,12.00,125.1626,15.6453,7.6639,0.9580,90.3400,11.2925
-8.00,46.00,18.00,113.0833,14.1354,5.8663,0.7333,76.0800,9.5100
-7.00,50.00,13.00,100.5225,12.5653,6.9138,0.8642,63.7900,7.9737
-6.00,52.00,13.00,94.6638,11.8330,6.8585,0.8573,59.5100,7.4387
-5.00,62.00,18.00,81.9167,10.2396,6.3322,0.7915,46.0600,5.7575
-4.00,66.00,29.00,95.9028,11.9879,5.7340,0.7168,54.6100,6.8262
-3.00,87.00,33.00,57.9118,7.2390,5.3175,0.6647,21.2800,2.6600
-2.00,87.00,37.00,58.3642,7.2955,4.6634,0.5829,22.2400,2.7800
-1.00,89.00,48.00,48.1122,6.0140,4.5948,0.5744,17.2200,2.1525
0.00,98.00,47.00,9.5697,1.1962,4.2594,0.5324,4.1800,0.5225
1.00,98.00,59.00,22.1176,2.7647,3.7239,0.4655,5.2500,0.6562
2.00,100.00,67.00,3.2109,0.4014,3.2109,0.4014,2.3300,0.2913
3.00,100.00,66.00,2.7240,0.3405,2.7240,0.3405,2.1600,0.2700
4.00,100.00,61.00,2.6833,0.3354,2.6833,0.3354,2.1400,0.2675
5.00,100.00,73.00,2.2804,0.2850,2.2804,0.2850,1.8000,0.2250
6.00,100.00,83.00,1.8708,0.2339,1.8708,0.2339,1.4000,0.1750
7.00,100.00,88.00,1.7944,0.2243,1.7944,0.2243,1.3600,0.1700
8.00,100.00,89.00,1.4457,0.1807,1.4457,0.1807,1.0700,0.1338
9.00,100.00,89.00,1.5264,0.1908,1.5264,0.1908,1.1300,0.1412
10.00,100.00,99.00,1.1958,0.1495,1.1958,0.1495,0.9700,0.1212
11.00,100.00,97.00,1.1958,0.1495,1.1958,0.1495,0.8700,0.1087
12.00,100.00,99.00,1.0198,0.1275,1.0198,0.1275,0.7600,0.0950
13.00,100.00,99.00,0.9055,0.1132,0.9055,0.1132,0.6000,0.0750
14.00,100.00,100.00,0.9055,0.1132,0.9055,0.1132,0.6600,0.0825
15.00,100.00,100.00,0.7681,0.0960,0.7681,0.0960,0.5100,0.0638
